{"Learning rate": 1.660984646114523e-05, "_timestamp": 1690500763.8703992, "_runtime": 8433.478609323502, "_step": 602, "Epoch": 9, "Train MSE Loss": 24.160292928450048, "Train MAE Loss": 3.923244473245508, "CV Split Number": 0}