{"Learning rate": 0.00021577631131046367, "_timestamp": 1690976052.3573508, "_runtime": 3175.1403748989105, "_step": 207}