{"Learning rate": 5.860619876082046e-05, "_timestamp": 1690690481.2300458, "_runtime": 7623.638820886612, "_step": 544}