{"Epoch": 1, "Train MSE Loss": 2441.5572947244514, "Train MAE Loss": 48.44147980415131, "_timestamp": 1689965650.4592583, "_runtime": 14999.825824260712, "_step": 1, "Learning rate": 2.08e-05, "Validation MSE Loss": 1985.5171358247096, "Validation MAE Loss": 43.875240547173036}