{"Learning rate": 0.00016816981276730018, "_timestamp": 1690450622.8287385, "_runtime": 1510.3859415054321, "_step": 99}