{"Learning rate update": 0.0009415323226330341, "_timestamp": 1689970807.8232307, "_runtime": 401.0555148124695, "_step": 23}