{"Learning rate update": 0.0008002000000000002, "_timestamp": 1689970594.1518054, "_runtime": 187.38408946990967, "_step": 7}