{"Learning rate update": 1.8823475354794966e-06, "_timestamp": 1690375850.321538, "_runtime": 6452.183601856232, "_step": 351}