{"Learning rate": 1.7140715855482488e-05, "_timestamp": 1691045243.4370172, "_runtime": 10350.5997672081, "_step": 602, "Epoch": 37, "Train MSE Loss": 10.858707512680178, "Train MAE Loss": 2.6147498479690885, "CV Split Number": 0}