{"Learning rate update": 9.868183941134965e-07, "_timestamp": 1690034216.052523, "_runtime": 11121.441423892975, "_step": 603, "Epoch": 1, "Train MSE Loss": 80.41404366242936, "Train MAE Loss": 6.1185566237829985, "Learning rate": 2.467198171342e-07, "_wandb": {"runtime": 11120}}