{"Learning rate update": 0.0009951350783313961, "_timestamp": 1690023255.1922994, "_runtime": 160.58120036125183, "_step": 7}