{"Learning rate update": 0.0008127437917546979, "_timestamp": 1690029499.594166, "_runtime": 6404.983067035675, "_step": 455}