{"Learning rate": 1.7140715855482488e-05, "_timestamp": 1691045624.4722314, "_runtime": 10924.897747278214, "_step": 602, "Epoch": 7, "Train MSE Loss": 27.996636228419653, "Train MAE Loss": 4.239371121518269, "CV Split Number": 1}