{"Learning rate update": 1e-06, "_timestamp": 1689997398.9635088, "_runtime": 918.1670849323273, "_step": 63}