{"Learning rate update": 1e-06, "_timestamp": 1689997285.7583058, "_runtime": 804.9618818759918, "_step": 55}