{"Learning rate update": 0.000989084726566536, "_timestamp": 1690282618.5618691, "_runtime": 269.5445580482483, "_step": 15}