{"Learning rate": 0.00022360733882403688, "_timestamp": 1690724300.973946, "_runtime": 5624.263701200485, "_step": 375}