{"Learning rate": 0.00020080000000000003, "_timestamp": 1690376623.4552727, "_runtime": 93.49702477455139, "_step": 1}