{"Learning rate": 0.00019746053483521192, "_timestamp": 1691028904.5681121, "_runtime": 13887.093313217163, "_step": 627, "Epoch": 38, "Train MSE Loss": 11.463871117924816, "Train MAE Loss": 2.6875021155590995, "CV Split Number": 0, "Validation MSE Loss": 13.3451332179118, "Validation MAE Loss": 2.893353672907811}