{"Learning rate update": 0.0008591857558877798, "_timestamp": 1690085736.712411, "_runtime": 7819.245707988739, "_step": 644, "Epoch": 4, "Train MSE Loss": 23.274430893597764, "Train MAE Loss": 3.8205972486542956, "Learning rate": 0.0009960573506581356, "Validation MSE Loss": 20.757945332231273, "Validation MAE Loss": 3.5975686851081576}