{"Learning rate update": 0.00022560849909434823, "_timestamp": 1690086954.7161734, "_runtime": 9037.249470472336, "_step": 732, "Epoch": 4, "Train MSE Loss": 23.274430893597764, "Train MAE Loss": 3.8205972486542956, "Learning rate": 0.0009960573506581356, "Validation MSE Loss": 20.757945332231273, "Validation MAE Loss": 3.5975686851081576}