{"Learning rate update": 0.00017539531303706557, "_timestamp": 1690119841.5428379, "_runtime": 1594.1625168323517, "_step": 135}