{"Learning rate update": 0.000997103757701845, "_timestamp": 1690180869.2170763, "_runtime": 8476.24965429306, "_step": 591}