{"Learning rate update": 0.0009824018360353604, "_timestamp": 1690180999.1981933, "_runtime": 8606.230771303177, "_step": 602, "Epoch": 8, "Train MSE Loss": 17.985658076458495, "Train MAE Loss": 3.342959672816639}