{"Learning rate update": 0.000982402356749681, "_timestamp": 1690180370.5764227, "_runtime": 7977.609000682831, "_step": 567}