{"Learning rate update": 0.0009620635397272484, "_timestamp": 1690180249.243555, "_runtime": 7856.276133060455, "_step": 559}