{"Learning rate update": 0.0009991366898777889, "_timestamp": 1690034862.3282602, "_runtime": 160.0010941028595, "_step": 2}