{"Learning rate update": 0.0007613715940039496, "_timestamp": 1690035628.9882321, "_runtime": 926.6610660552979, "_step": 63}