{"Learning rate update": 1.1904176305435042e-05, "_timestamp": 1689997237.2790012, "_runtime": 734.0659861564636, "_step": 47}