{"Learning rate update": 1.0709730359601086e-05, "_timestamp": 1689997347.7331824, "_runtime": 844.520167350769, "_step": 55}