{"Learning rate": 1.660984646114523e-05, "_timestamp": 1690722128.237213, "_runtime": 9088.975466012955, "_step": 602, "Epoch": 12, "Train MSE Loss": 22.454873588275742, "Train MAE Loss": 3.766165479034164, "CV Split Number": 0}