{"Learning rate": 0.0004864068846120296, "_timestamp": 1690940922.7788713, "_runtime": 1872.1702692508698, "_step": 128}