{"Learning rate": 0.00021577631131046367, "_timestamp": 1690533654.1490383, "_runtime": 2862.669575214386, "_step": 207}