{"Learning rate update": 7.644636134845006e-06, "_timestamp": 1690366404.5326154, "_runtime": 398.13528752326965, "_step": 15}