{"Learning rate": 9.012449138320842e-05, "_timestamp": 1690500737.636599, "_runtime": 3365.7498030662537, "_step": 239}