{"Learning rate": 0.000989084726566536, "_timestamp": 1690940892.0334373, "_runtime": 273.62485122680664, "_step": 15}