{"Learning rate": 0.000483067701397101, "_timestamp": 1690633240.079737, "_runtime": 820.945652961731, "_step": 55}