{"Learning rate update": 0.00020080000000000003, "_timestamp": 1690294679.2120185, "_runtime": 194.29619240760803, "_step": 1}