{"Learning rate": 1.660984646114523e-05, "_timestamp": 1690985588.987515, "_runtime": 9471.862478971481, "_step": 602, "Epoch": 38, "Train MSE Loss": 11.914266102973915, "Train MAE Loss": 2.7331878526854347, "CV Split Number": 0}