{"Learning rate": 0.0004999619999415196, "_timestamp": 1690724331.3219852, "_runtime": 1605.1367001533508, "_step": 110}