{"Learning rate update": 0.0009951350783313961, "_timestamp": 1690034429.7489936, "_runtime": 163.1544725894928, "_step": 7}