{"Epoch": 1, "Train MSE Loss": 3271.1409130915204, "Train MAE Loss": 56.62247892759803, "_timestamp": 1689927582.3656702, "_runtime": 10501.340058088303, "_step": 0, "_wandb": {"runtime": 12356}}