{"Learning rate update": 1.4450991953824448e-06, "_timestamp": 1690325735.0017836, "_runtime": 350.222939491272, "_step": 15}