{"Learning rate update": 5.833932273018433e-06, "_timestamp": 1690085710.9778707, "_runtime": 1723.9974956512451, "_step": 159}