{"Learning rate update": 4.818936556203226e-06, "_timestamp": 1690086919.780379, "_runtime": 2932.800004005432, "_step": 247}