{"Learning rate": 0.0009941460716782842, "_timestamp": 1690449915.1987278, "_runtime": 762.4460737705231, "_step": 15}