{"Learning rate update": 2.7366809047771114e-06, "_timestamp": 1690021992.350393, "_runtime": 325.9362621307373, "_step": 23}