{"Learning rate update": 1.4735040161371667e-05, "_timestamp": 1690119796.7187324, "_runtime": 522.3097622394562, "_step": 31}