{"Learning rate update": 1.4704285623145674e-05, "_timestamp": 1690118620.2927482, "_runtime": 712.9130892753601, "_step": 47}