{"Learning rate update": 1e-06, "_timestamp": 1689970797.374167, "_runtime": 391.7815098762512, "_step": 23}