{"Learning rate update": 1e-06, "_timestamp": 1689970587.0128756, "_runtime": 181.4202184677124, "_step": 7}