{"Learning rate update": 9.30493872321005e-07, "_timestamp": 1690022623.0039446, "_runtime": 563.202291727066, "_step": 32}