{"Learning rate update": 7.613715940039497e-07, "_timestamp": 1690022980.9627554, "_runtime": 921.1611025333405, "_step": 63}