{"Learning rate update": 1.0519017363204802e-05, "_timestamp": 1690245323.7496545, "_runtime": 3218.065786600113, "_step": 231}