{"Learning rate": 6.508536604339018e-05, "_timestamp": 1690940871.4019396, "_runtime": 3487.536382675171, "_step": 247}