{"Learning rate update": 0.0005005000000000001, "_timestamp": 1690294441.8295782, "_runtime": 189.2007451057434, "_step": 4}