{"Learning rate": 0.00013187104832165339, "_timestamp": 1690448209.4281478, "_runtime": 3116.6774678230286, "_step": 103}