{"Learning rate": 1.660984646114523e-05, "_timestamp": 1690583360.9492896, "_runtime": 9364.797282457352, "_step": 602, "Epoch": 14, "Train MSE Loss": 21.006002716383236, "Train MAE Loss": 3.6481524631419755, "CV Split Number": 0}