{"Learning rate": 0.0001761387120629371, "_timestamp": 1690583341.7496088, "_runtime": 5657.203283786774, "_step": 431}