{"Learning rate": 0.0003461460113097139, "_timestamp": 1690453406.1047294, "_runtime": 2964.128873348236, "_step": 63}