{"Learning rate": 0.0009415323226330341, "_timestamp": 1690451608.330324, "_runtime": 1166.354467868805, "_step": 23}