{"Learning rate": 0.00024931797597335003, "_timestamp": 1690987842.9995878, "_runtime": 4008.174830675125, "_step": 311}